<?xml version="1.0" encoding="utf-8"?>
<!-- Splash screen file, saved 6/24/2018 7:45:03 AM using CourseLab 180608 -->
<splash>
<settings>
<showsplash>yes</showsplash>
<fitwindow>no</fitwindow>
<fit_small_window>yes</fit_small_window>
</settings>
<data>
<![CDATA[<div style="position: absolute; box-sizing: border-box; left: 104px; top: 110px; width: 535px; height: 361px;"><p style="text-align: center;"><span style="color:#0000CD;"><span style="font-size:36px;"><span style="font-family: clear_sans_mediumregular,arial,sans-serif">Игрофикация </span></span></span></p>

<p style="text-align: center;"><span style="color:#0000CD;"><span style="font-size:36px;"><span style="font-family: clear_sans_mediumregular,arial,sans-serif">в дистанционном </span></span></span></p>

<p style="text-align: center;"><span style="color:#0000CD;"><span style="font-size:36px;"><span style="font-family: clear_sans_mediumregular,arial,sans-serif">обучении школьников</span></span></span></p></div><div style="position: absolute; left: 285px; top: 581px; width: 200px; height: 39px;"><div style="position: absolute; width: 200px; height: 39px; -webkit-touch-callout: none; -webkit-user-select: none; -khtml-user-select: none; -moz-user-select: none; -ms-user-select: none; user-select: none;" title="НАЧАТЬ" ><div id="IM1_TTL_BTN_BTN" style="cursor: pointer; position: relative; left: 0; top: 0; box-sizing: border-box; width: 200px; height: 39px; border-style: solid; border-width: 1px; border-color: #0052BA; -o-border-radius: 5px; -ms-border-radius: 5px; -moz-border-radius: 5px; -webkit-border-radius: 5px; border-radius: 5px;-o-box-shadow: 2px 2px 6px rgba(102,102,102,0.66);-ms-box-shadow: 2px 2px 6px rgba(102,102,102,0.66);-moz-box-shadow: 2px 2px 6px rgba(102,102,102,0.66); -webkit-box-shadow: 2px 2px 6px rgba(102,102,102,0.66); box-shadow: 2px 2px 6px rgba(102,102,102,0.66);border-color: #0052BA; background-color: #0052BA;" onmouseover="this.setAttribute('style', this.getAttribute('data-style-over'));" onmouseout="this.setAttribute('style', this.getAttribute('data-style-idle'));" onclick="CL.Start(); return false;" data-style-idle="cursor: pointer; position: relative; left: 0; top: 0; box-sizing: border-box; width: 200px; height: 39px; border-style: solid; border-width: 1px; border-color: #0052BA; -o-border-radius: 5px; -ms-border-radius: 5px; -moz-border-radius: 5px; -webkit-border-radius: 5px; border-radius: 5px;-o-box-shadow: 2px 2px 6px rgba(102,102,102,0.66);-ms-box-shadow: 2px 2px 6px rgba(102,102,102,0.66);-moz-box-shadow: 2px 2px 6px rgba(102,102,102,0.66); -webkit-box-shadow: 2px 2px 6px rgba(102,102,102,0.66); box-shadow: 2px 2px 6px rgba(102,102,102,0.66);border-color: #0052BA; background-color: #0052BA;" data-style-over="cursor: pointer; position: relative; left: 0; top: 0; box-sizing: border-box; width: 200px; height: 39px; border-style: solid; border-width: 1px; border-color: #0052BA; -o-border-radius: 5px; -ms-border-radius: 5px; -moz-border-radius: 5px; -webkit-border-radius: 5px; border-radius: 5px;-o-box-shadow: 2px 2px 6px rgba(102,102,102,0.66);-ms-box-shadow: 2px 2px 6px rgba(102,102,102,0.66);-moz-box-shadow: 2px 2px 6px rgba(102,102,102,0.66); -webkit-box-shadow: 2px 2px 6px rgba(102,102,102,0.66); box-shadow: 2px 2px 6px rgba(102,102,102,0.66);border-color: #0052BA; background-color: #0052BA;"><div id="IM1_TTL_BTN_BTN_BG" style="position: relative; padding: 0; margin: 0; width: 198px; height: 37px; "><table id="IM1_TTL_BTN_BTN_TABLE" style="border-spacing: 0; width: 198px; height: 37px;"><tr><td id="IM1_TTL_BTN_BTN_TABLE_CONTENT" style="text-align: center; vertical-align: middle; padding: 0; text-shadow: ; width: 198px; height: 37px; font-family: clear_sans_mediumregular, Arial, sans-serif; font-size: 18px; color: #FFFFFF; ">НАЧАТЬ</td></tr></table></div></div></div></div><div style="position: absolute; box-sizing: border-box; left: 320px; top: 443px; width: 390px; height: 70px;"><p style="text-align: right;"><span style="color:#0000CD;"><span style="font-family:clear_sans_mediumregular,arial,sans-serif;"><font size="5"><span style="line-height: 28.799999237060547px;">Миннемуллин Булат Мансурович</span></font></span></span></p>

<p style="text-align: right;"><span style="color:#0000CD;"><span style="font-family:clear_sans_mediumregular,arial,sans-serif;"><font size="5"><span style="line-height: 28.799999237060547px;">группа S4107</span></font></span></span></p></div>]]>
</data>
</splash>
